index,Entity,status2,Function,Term,Year,EY Year,FEB,MAR,APR,MAY,JUN,JUL,AUG,SEP,OCT,NOV,DEC,JAN,Total
0,Ruhuna,,oGTa,15.16,2015,Ruhuna - 2015,,,,,,,,,,,,0.0,0.0
1,Ruhuna,,oGTa,15.16,2015,Ruhuna - 2015,,,,,,,,,,,,0.0,0.0
2,Ruhuna,,oGTa,15.16,2015,Ruhuna - 2015,,,,,,,,,,,,0.0,0.0
3,Ruhuna,,oGTa,15.16,2015,Ruhuna - 2015,,,,,,,,,,,,0.0,0.0
4,Ruhuna,,oGTa,15.16,2015,Ruhuna - 2015,,,,,,,,,,,,0.0,0.0
5,Ruhuna,,oGTa,15.16,2015,Ruhuna - 2015,,,,,,,,,,,,0.0,0.0
6,Ruhuna,,oGTa,15.16,2015,Ruhuna - 2015,,,,,,,,,,,,0.0,0.0
7,Ruhuna,,oGTa,16.17,2016,Ruhuna - 2016,0.0,0.0,0.0,0.0,0.0,0.0,0.0,0.0,0.0,0.0,0.0,0.0,0.0
8,Ruhuna,,oGTa,16.17,2016,Ruhuna - 2016,0.0,0.0,0.0,0.0,0.0,0.0,0.0,0.0,0.0,0.0,0.0,0.0,0.0
9,Ruhuna,,oGTa,16.17,2016,Ruhuna - 2016,0.0,0.0,0.0,0.0,0.0,0.0,0.0,0.0,0.0,0.0,0.0,0.0,0.0
10,Ruhuna,,oGTa,16.17,2016,Ruhuna - 2016,0.0,0.0,0.0,0.0,0.0,0.0,0.0,0.0,0.0,0.0,0.0,0.0,0.0
11,Ruhuna,,oGTa,16.17,2016,Ruhuna - 2016,0.0,0.0,0.0,0.0,0.0,0.0,0.0,0.0,0.0,0.0,0.0,0.0,0.0
12,Ruhuna,,oGTa,16.17,2016,Ruhuna - 2016,0.0,0.0,0.0,0.0,0.0,0.0,0.0,0.0,0.0,0.0,0.0,0.0,0.0
13,Ruhuna,,oGTa,16.17,2016,Ruhuna - 2016,0.0,0.0,0.0,0.0,0.0,0.0,0.0,0.0,0.0,0.0,0.0,0.0,0.0
14,Ruhuna,,oGTa,17.18,2017,Ruhuna - 2017,0.0,0.0,0.0,0.0,0.0,0.0,6.0,11.0,2.0,4.0,0.0,0.0,23.0
15,Ruhuna,,oGTa,17.18,2017,Ruhuna - 2017,0.0,0.0,0.0,0.0,0.0,0.0,1.0,1.0,0.0,0.0,0.0,0.0,2.0
16,Ruhuna,,oGTa,17.18,2017,Ruhuna - 2017,0.0,0.0,0.0,0.0,0.0,0.0,0.0,0.0,0.0,0.0,0.0,0.0,0.0
17,Ruhuna,,oGTa,17.18,2017,Ruhuna - 2017,0.0,0.0,0.0,0.0,0.0,0.0,0.0,0.0,0.0,0.0,0.0,0.0,0.0
18,Ruhuna,,oGTa,17.18,2017,Ruhuna - 2017,0.0,0.0,0.0,0.0,0.0,0.0,0.0,0.0,0.0,0.0,0.0,0.0,0.0
19,Ruhuna,,oGTa,17.18,2017,Ruhuna - 2017,0.0,0.0,0.0,0.0,0.0,0.0,0.0,0.0,0.0,0.0,0.0,0.0,0.0
20,Ruhuna,,oGTa,17.18,2017,Ruhuna - 2017,0.0,0.0,0.0,0.0,0.0,0.0,0.0,0.0,0.0,0.0,0.0,0.0,0.0
21,Ruhuna,,oGTa,18.19,2018,Ruhuna - 2018,0.0,0.0,0.0,1.0,2.0,2.0,2.0,4.0,1.0,3.0,3.0,0.0,18.0
22,Ruhuna,,oGTa,18.19,2018,Ruhuna - 2018,0.0,0.0,0.0,1.0,2.0,1.0,1.0,1.0,1.0,1.0,1.0,1.0,10.0
23,Ruhuna,,oGTa,18.19,2018,Ruhuna - 2018,0.0,0.0,0.0,0.0,0.0,0.0,0.0,0.0,0.0,0.0,0.0,0.0,0.0
24,Ruhuna,,oGTa,18.19,2018,Ruhuna - 2018,0.0,0.0,0.0,0.0,0.0,0.0,0.0,0.0,0.0,0.0,0.0,0.0,0.0
25,Ruhuna,,oGTa,18.19,2018,Ruhuna - 2018,0.0,0.0,0.0,0.0,0.0,0.0,0.0,0.0,0.0,0.0,0.0,0.0,0.0
26,Ruhuna,,oGTa,18.19,2018,Ruhuna - 2018,0.0,0.0,0.0,0.0,0.0,0.0,0.0,0.0,0.0,0.0,0.0,0.0,0.0
27,Ruhuna,,oGTa,18.19,2018,Ruhuna - 2018,0.0,0.0,0.0,0.0,0.0,0.0,0.0,0.0,0.0,0.0,0.0,0.0,0.0
28,Ruhuna,,oGTa,19.20,2019,Ruhuna - 2019,9.0,6.0,7.0,0.0,3.0,0.0,2.0,3.0,0.0,2.0,1.0,,33.0
29,Ruhuna,,oGTa,19.20,2019,Ruhuna - 2019,1.0,3.0,1.0,2.0,1.0,0.0,1.0,0.0,0.0,1.0,0.0,,10.0
30,Ruhuna,,oGTa,19.20,2019,Ruhuna - 2019,0.0,0.0,0.0,0.0,0.0,0.0,0.0,0.0,0.0,0.0,0.0,,0.0
31,Ruhuna,,oGTa,19.20,2019,Ruhuna - 2019,0.0,0.0,0.0,0.0,0.0,0.0,0.0,0.0,0.0,0.0,0.0,,0.0
32,Ruhuna,,oGTa,19.20,2019,Ruhuna - 2019,0.0,0.0,0.0,0.0,0.0,0.0,0.0,0.0,0.0,0.0,0.0,,0.0
33,Ruhuna,,oGTa,19.20,2019,Ruhuna - 2019,0.0,0.0,0.0,0.0,0.0,0.0,0.0,0.0,0.0,0.0,0.0,,0.0
34,Ruhuna,,oGTa,19.20,2019,Ruhuna - 2019,0.0,0.0,0.0,0.0,0.0,0.0,0.0,0.0,0.0,0.0,0.0,,0.0
35,Ruhuna,,oGTa,21.22,2021,Ruhuna - 2021,,,,,,,,,,,,1.0,1.0
36,Ruhuna,,oGTa,21.22,2021,Ruhuna - 2021,,,,,,,,,,,,1.0,1.0
37,Ruhuna,,oGTa,21.22,2021,Ruhuna - 2021,,,,,,,,,,,,0.0,0.0
38,Ruhuna,,oGTa,21.22,2021,Ruhuna - 2021,,,,,,,,,,,,0.0,0.0
39,Ruhuna,,oGTa,21.22,2021,Ruhuna - 2021,,,,,,,,,,,,0.0,0.0
40,Ruhuna,,oGTa,21.22,2021,Ruhuna - 2021,,,,,,,,,,,,0.0,0.0
41,Ruhuna,,oGTa,21.22,2021,Ruhuna - 2021,,,,,,,,,,,,0.0,0.0
42,Ruhuna,,oGTa,22.23,2022,Ruhuna - 2022,5.0,6.0,5.0,0.0,0.0,1.0,1.0,0.0,15.0,2.0,1.0,6.0,42.0
43,Ruhuna,,oGTa,22.23,2022,Ruhuna - 2022,1.0,3.0,0.0,0.0,1.0,3.0,0.0,0.0,17.0,3.0,1.0,1.0,30.0
44,Ruhuna,,oGTa,22.23,2022,Ruhuna - 2022,0.0,1.0,0.0,0.0,0.0,0.0,0.0,0.0,0.0,0.0,0.0,0.0,1.0
45,Ruhuna,,oGTa,22.23,2022,Ruhuna - 2022,0.0,0.0,0.0,0.0,0.0,0.0,0.0,0.0,0.0,0.0,0.0,0.0,0.0
46,Ruhuna,,oGTa,22.23,2022,Ruhuna - 2022,0.0,0.0,0.0,0.0,0.0,0.0,0.0,0.0,0.0,0.0,0.0,0.0,0.0
47,Ruhuna,,oGTa,22.23,2022,Ruhuna - 2022,0.0,0.0,0.0,0.0,0.0,0.0,0.0,0.0,0.0,0.0,0.0,0.0,0.0
48,Ruhuna,,oGTa,22.23,2022,Ruhuna - 2022,0.0,0.0,0.0,0.0,0.0,0.0,0.0,0.0,0.0,0.0,0.0,0.0,0.0
49,Ruhuna,,oGTa,23.24,2023,Ruhuna - 2023,2.0,8.0,1.0,1.0,3.0,1.0,0.0,5.0,1.0,1.0,2.0,1.0,26.0
50,Ruhuna,,oGTa,23.24,2023,Ruhuna - 2023,0.0,1.0,1.0,1.0,0.0,0.0,1.0,0.0,0.0,1.0,3.0,2.0,10.0
51,Ruhuna,,oGTa,23.24,2023,Ruhuna - 2023,0.0,0.0,0.0,0.0,0.0,0.0,0.0,0.0,0.0,1.0,1.0,0.0,2.0
52,Ruhuna,,oGTa,23.24,2023,Ruhuna - 2023,0.0,0.0,0.0,0.0,0.0,0.0,0.0,0.0,0.0,0.0,1.0,0.0,1.0
53,Ruhuna,,oGTa,23.24,2023,Ruhuna - 2023,0.0,0.0,0.0,0.0,0.0,0.0,0.0,0.0,0.0,0.0,0.0,1.0,1.0
54,Ruhuna,,oGTa,23.24,2023,Ruhuna - 2023,0.0,0.0,0.0,0.0,0.0,0.0,0.0,0.0,0.0,0.0,0.0,0.0,0.0
55,Ruhuna,,oGTa,23.24,2023,Ruhuna - 2023,0.0,0.0,0.0,0.0,0.0,0.0,0.0,0.0,0.0,0.0,0.0,0.0,0.0
56,Ruhuna,,oGTa,24.25,2024,Ruhuna - 2024,8.0,130.0,0.0,12.0,0.0,0.0,0.0,0.0,0.0,0.0,0.0,,150.0
57,Ruhuna,,oGTa,24.25,2024,Ruhuna - 2024,5.0,148.0,7.0,5.0,0.0,0.0,0.0,0.0,0.0,0.0,0.0,,165.0
58,Ruhuna,,oGTa,24.25,2024,Ruhuna - 2024,0.0,1.0,0.0,0.0,0.0,0.0,0.0,0.0,0.0,0.0,0.0,,1.0
59,Ruhuna,,oGTa,24.25,2024,Ruhuna - 2024,0.0,1.0,0.0,0.0,0.0,0.0,0.0,0.0,0.0,0.0,0.0,,1.0
60,Ruhuna,,oGTa,24.25,2024,Ruhuna - 2024,0.0,0.0,0.0,0.0,0.0,0.0,0.0,0.0,0.0,0.0,0.0,,0.0
61,Ruhuna,,oGTa,24.25,2024,Ruhuna - 2024,0.0,0.0,1.0,0.0,0.0,0.0,0.0,0.0,0.0,0.0,0.0,,1.0
62,Ruhuna,,oGTa,24.25,2024,Ruhuna - 2024,0.0,0.0,1.0,0.0,0.0,0.0,0.0,0.0,0.0,0.0,0.0,,1.0
63,Ruhuna,,iGTa,15.16,2015,Ruhuna - 2015,,,,,,,,,,,,0.0,0.0
64,Ruhuna,,iGTa,15.16,2015,Ruhuna - 2015,,,,,,,,,,,,0.0,0.0
65,Ruhuna,,iGTa,15.16,2015,Ruhuna - 2015,,,,,,,,,,,,0.0,0.0
66,Ruhuna,,iGTa,15.16,2015,Ruhuna - 2015,,,,,,,,,,,,0.0,0.0
67,Ruhuna,,iGTa,15.16,2015,Ruhuna - 2015,,,,,,,,,,,,0.0,0.0
68,Ruhuna,,iGTa,15.16,2015,Ruhuna - 2015,,,,,,,,,,,,0.0,0.0
69,Ruhuna,,iGTa,15.16,2015,Ruhuna - 2015,,,,,,,,,,,,0.0,0.0
70,Ruhuna,,iGTa,16.17,2016,Ruhuna - 2016,0.0,0.0,0.0,0.0,0.0,0.0,0.0,0.0,0.0,0.0,0.0,0.0,0.0
71,Ruhuna,,iGTa,16.17,2016,Ruhuna - 2016,0.0,0.0,0.0,0.0,0.0,0.0,0.0,0.0,0.0,0.0,0.0,0.0,0.0
72,Ruhuna,,iGTa,16.17,2016,Ruhuna - 2016,0.0,0.0,0.0,0.0,0.0,0.0,0.0,0.0,0.0,0.0,0.0,0.0,0.0
73,Ruhuna,,iGTa,16.17,2016,Ruhuna - 2016,0.0,0.0,0.0,0.0,0.0,0.0,0.0,0.0,0.0,0.0,0.0,0.0,0.0
74,Ruhuna,,iGTa,16.17,2016,Ruhuna - 2016,0.0,0.0,0.0,0.0,0.0,0.0,0.0,0.0,0.0,0.0,0.0,0.0,0.0
75,Ruhuna,,iGTa,16.17,2016,Ruhuna - 2016,0.0,0.0,0.0,0.0,0.0,0.0,0.0,0.0,0.0,0.0,0.0,0.0,0.0
76,Ruhuna,,iGTa,16.17,2016,Ruhuna - 2016,0.0,0.0,0.0,0.0,0.0,0.0,0.0,0.0,0.0,0.0,0.0,0.0,0.0
77,Ruhuna,,iGTa,17.18,2017,Ruhuna - 2017,0.0,0.0,0.0,0.0,0.0,0.0,0.0,0.0,0.0,0.0,0.0,0.0,0.0
78,Ruhuna,,iGTa,17.18,2017,Ruhuna - 2017,0.0,0.0,0.0,0.0,0.0,0.0,0.0,0.0,0.0,0.0,0.0,0.0,0.0
79,Ruhuna,,iGTa,17.18,2017,Ruhuna - 2017,0.0,0.0,0.0,0.0,0.0,0.0,0.0,0.0,0.0,0.0,0.0,0.0,0.0
80,Ruhuna,,iGTa,17.18,2017,Ruhuna - 2017,0.0,0.0,0.0,0.0,0.0,0.0,0.0,0.0,0.0,0.0,0.0,0.0,0.0
81,Ruhuna,,iGTa,17.18,2017,Ruhuna - 2017,0.0,0.0,0.0,0.0,0.0,0.0,0.0,0.0,0.0,0.0,0.0,0.0,0.0
82,Ruhuna,,iGTa,17.18,2017,Ruhuna - 2017,0.0,0.0,0.0,0.0,0.0,0.0,0.0,0.0,0.0,0.0,0.0,0.0,0.0
83,Ruhuna,,iGTa,17.18,2017,Ruhuna - 2017,0.0,0.0,0.0,0.0,0.0,0.0,0.0,0.0,0.0,0.0,0.0,0.0,0.0
84,Ruhuna,,iGTa,18.19,2018,Ruhuna - 2018,0.0,0.0,0.0,0.0,0.0,0.0,0.0,0.0,0.0,0.0,0.0,0.0,0.0
85,Ruhuna,,iGTa,18.19,2018,Ruhuna - 2018,0.0,0.0,0.0,0.0,0.0,0.0,0.0,0.0,0.0,0.0,0.0,0.0,0.0
86,Ruhuna,,iGTa,18.19,2018,Ruhuna - 2018,0.0,0.0,0.0,0.0,0.0,0.0,0.0,0.0,0.0,0.0,0.0,0.0,0.0
87,Ruhuna,,iGTa,18.19,2018,Ruhuna - 2018,0.0,0.0,0.0,0.0,0.0,0.0,0.0,0.0,0.0,0.0,0.0,0.0,0.0
88,Ruhuna,,iGTa,18.19,2018,Ruhuna - 2018,0.0,0.0,0.0,0.0,0.0,0.0,0.0,0.0,0.0,0.0,0.0,0.0,0.0
89,Ruhuna,,iGTa,18.19,2018,Ruhuna - 2018,0.0,0.0,0.0,0.0,0.0,0.0,0.0,0.0,0.0,0.0,0.0,0.0,0.0
90,Ruhuna,,iGTa,18.19,2018,Ruhuna - 2018,0.0,0.0,0.0,0.0,0.0,0.0,0.0,0.0,0.0,0.0,0.0,0.0,0.0
91,Ruhuna,,iGTa,19.20,2019,Ruhuna - 2019,0.0,0.0,0.0,0.0,0.0,0.0,0.0,0.0,0.0,0.0,0.0,,0.0
92,Ruhuna,,iGTa,19.20,2019,Ruhuna - 2019,0.0,0.0,0.0,0.0,0.0,0.0,0.0,0.0,0.0,0.0,0.0,,0.0
93,Ruhuna,,iGTa,19.20,2019,Ruhuna - 2019,0.0,0.0,0.0,0.0,0.0,0.0,0.0,0.0,0.0,0.0,0.0,,0.0
94,Ruhuna,,iGTa,19.20,2019,Ruhuna - 2019,0.0,0.0,0.0,0.0,0.0,0.0,0.0,0.0,0.0,0.0,0.0,,0.0
95,Ruhuna,,iGTa,19.20,2019,Ruhuna - 2019,0.0,0.0,0.0,0.0,0.0,0.0,0.0,0.0,0.0,0.0,0.0,,0.0
96,Ruhuna,,iGTa,19.20,2019,Ruhuna - 2019,0.0,0.0,0.0,0.0,0.0,0.0,0.0,0.0,0.0,0.0,0.0,,0.0
97,Ruhuna,,iGTa,19.20,2019,Ruhuna - 2019,0.0,0.0,0.0,0.0,0.0,0.0,0.0,0.0,0.0,0.0,0.0,,0.0
98,Ruhuna,,iGTa,21.22,2021,Ruhuna - 2021,,,,,,,,,,,,2.0,2.0
99,Ruhuna,,iGTa,21.22,2021,Ruhuna - 2021,,,,,,,,,,,,55.0,55.0
100,Ruhuna,,iGTa,21.22,2021,Ruhuna - 2021,,,,,,,,,,,,5.0,5.0
101,Ruhuna,,iGTa,21.22,2021,Ruhuna - 2021,,,,,,,,,,,,6.0,6.0
102,Ruhuna,,iGTa,21.22,2021,Ruhuna - 2021,,,,,,,,,,,,1.0,1.0
103,Ruhuna,,iGTa,21.22,2021,Ruhuna - 2021,,,,,,,,,,,,0.0,0.0
104,Ruhuna,,iGTa,21.22,2021,Ruhuna - 2021,,,,,,,,,,,,0.0,0.0
105,Ruhuna,,iGTa,22.23,2022,Ruhuna - 2022,2.0,0.0,2.0,3.0,1.0,1.0,0.0,1.0,4.0,3.0,5.0,1.0,23.0
106,Ruhuna,,iGTa,22.23,2022,Ruhuna - 2022,47.0,51.0,38.0,19.0,14.0,7.0,15.0,39.0,37.0,35.0,26.0,45.0,373.0
107,Ruhuna,,iGTa,22.23,2022,Ruhuna - 2022,0.0,0.0,0.0,0.0,0.0,0.0,0.0,0.0,1.0,0.0,1.0,3.0,5.0
108,Ruhuna,,iGTa,22.23,2022,Ruhuna - 2022,0.0,0.0,0.0,0.0,0.0,0.0,0.0,0.0,1.0,0.0,1.0,3.0,5.0
109,Ruhuna,,iGTa,22.23,2022,Ruhuna - 2022,1.0,2.0,0.0,0.0,0.0,0.0,0.0,0.0,0.0,1.0,0.0,3.0,7.0
110,Ruhuna,,iGTa,22.23,2022,Ruhuna - 2022,0.0,1.0,1.0,0.0,0.0,1.0,0.0,0.0,0.0,0.0,0.0,1.0,4.0
111,Ruhuna,,iGTa,22.23,2022,Ruhuna - 2022,0.0,1.0,0.0,0.0,0.0,0.0,0.0,0.0,0.0,0.0,0.0,1.0,2.0
112,Ruhuna,,iGTa,23.24,2023,Ruhuna - 2023,0.0,1.0,2.0,1.0,0.0,1.0,0.0,2.0,3.0,1.0,1.0,1.0,13.0
113,Ruhuna,,iGTa,23.24,2023,Ruhuna - 2023,37.0,10.0,20.0,14.0,16.0,22.0,46.0,32.0,26.0,22.0,15.0,14.0,274.0
114,Ruhuna,,iGTa,23.24,2023,Ruhuna - 2023,0.0,1.0,1.0,0.0,1.0,1.0,0.0,1.0,1.0,0.0,0.0,0.0,6.0
115,Ruhuna,,iGTa,23.24,2023,Ruhuna - 2023,0.0,1.0,1.0,0.0,1.0,1.0,0.0,1.0,1.0,0.0,0.0,0.0,6.0
116,Ruhuna,,iGTa,23.24,2023,Ruhuna - 2023,0.0,0.0,1.0,0.0,0.0,1.0,0.0,0.0,1.0,1.0,1.0,0.0,5.0
117,Ruhuna,,iGTa,23.24,2023,Ruhuna - 2023,0.0,1.0,1.0,1.0,0.0,1.0,1.0,0.0,2.0,0.0,0.0,0.0,7.0
118,Ruhuna,,iGTa,23.24,2023,Ruhuna - 2023,0.0,0.0,1.0,0.0,0.0,0.0,1.0,0.0,1.0,0.0,0.0,0.0,3.0
119,Ruhuna,,iGTa,24.25,2024,Ruhuna - 2024,1.0,5.0,0.0,1.0,0.0,0.0,0.0,0.0,0.0,0.0,0.0,,7.0
120,Ruhuna,,iGTa,24.25,2024,Ruhuna - 2024,29.0,85.0,16.0,19.0,0.0,0.0,0.0,0.0,0.0,0.0,0.0,,149.0
121,Ruhuna,,iGTa,24.25,2024,Ruhuna - 2024,0.0,2.0,0.0,0.0,0.0,0.0,0.0,0.0,0.0,0.0,0.0,,2.0
122,Ruhuna,,iGTa,24.25,2024,Ruhuna - 2024,0.0,1.0,0.0,0.0,0.0,0.0,0.0,0.0,0.0,0.0,0.0,,1.0
123,Ruhuna,,iGTa,24.25,2024,Ruhuna - 2024,0.0,0.0,0.0,0.0,0.0,0.0,0.0,0.0,0.0,0.0,0.0,,0.0
124,Ruhuna,,iGTa,24.25,2024,Ruhuna - 2024,0.0,1.0,1.0,1.0,0.0,0.0,0.0,0.0,0.0,0.0,0.0,,3.0
125,Ruhuna,,iGTa,24.25,2024,Ruhuna - 2024,0.0,0.0,0.0,0.0,0.0,0.0,0.0,0.0,0.0,0.0,0.0,,0.0
126,Ruhuna,,iGV,15.16,2015,Ruhuna - 2015,,,,,,,,,,,,0.0,0.0
127,Ruhuna,,iGV,15.16,2015,Ruhuna - 2015,,,,,,,,,,,,0.0,0.0
128,Ruhuna,,iGV,15.16,2015,Ruhuna - 2015,,,,,,,,,,,,0.0,0.0
129,Ruhuna,,iGV,15.16,2015,Ruhuna - 2015,,,,,,,,,,,,0.0,0.0
130,Ruhuna,,iGV,15.16,2015,Ruhuna - 2015,,,,,,,,,,,,0.0,0.0
131,Ruhuna,,iGV,15.16,2015,Ruhuna - 2015,,,,,,,,,,,,0.0,0.0
132,Ruhuna,,iGV,15.16,2015,Ruhuna - 2015,,,,,,,,,,,,0.0,0.0
133,Ruhuna,,iGV,16.17,2016,Ruhuna - 2016,0.0,0.0,0.0,0.0,2.0,0.0,0.0,0.0,1.0,0.0,0.0,0.0,3.0
134,Ruhuna,,iGV,16.17,2016,Ruhuna - 2016,0.0,0.0,0.0,0.0,17.0,10.0,0.0,0.0,3.0,3.0,0.0,0.0,33.0
135,Ruhuna,,iGV,16.17,2016,Ruhuna - 2016,0.0,0.0,0.0,0.0,3.0,3.0,0.0,1.0,0.0,1.0,0.0,0.0,8.0
136,Ruhuna,,iGV,16.17,2016,Ruhuna - 2016,0.0,0.0,0.0,0.0,3.0,1.0,0.0,1.0,0.0,0.0,1.0,0.0,6.0
137,Ruhuna,,iGV,16.17,2016,Ruhuna - 2016,0.0,0.0,0.0,0.0,0.0,3.0,0.0,2.0,0.0,0.0,0.0,1.0,6.0
138,Ruhuna,,iGV,16.17,2016,Ruhuna - 2016,0.0,0.0,0.0,0.0,0.0,0.0,0.0,3.0,1.0,1.0,0.0,0.0,5.0
139,Ruhuna,,iGV,16.17,2016,Ruhuna - 2016,0.0,0.0,0.0,0.0,0.0,0.0,0.0,0.0,0.0,0.0,0.0,0.0,0.0
140,Ruhuna,,iGV,17.18,2017,Ruhuna - 2017,4.0,0.0,0.0,0.0,0.0,0.0,1.0,0.0,0.0,3.0,0.0,0.0,8.0
141,Ruhuna,,iGV,17.18,2017,Ruhuna - 2017,65.0,71.0,44.0,34.0,12.0,9.0,6.0,7.0,10.0,3.0,5.0,7.0,273.0
142,Ruhuna,,iGV,17.18,2017,Ruhuna - 2017,0.0,7.0,10.0,8.0,1.0,0.0,0.0,3.0,1.0,2.0,1.0,0.0,33.0
143,Ruhuna,,iGV,17.18,2017,Ruhuna - 2017,0.0,5.0,10.0,6.0,3.0,0.0,0.0,2.0,1.0,2.0,1.0,0.0,30.0
144,Ruhuna,,iGV,17.18,2017,Ruhuna - 2017,0.0,1.0,0.0,0.0,0.0,16.0,2.0,2.0,0.0,0.0,0.0,4.0,25.0
145,Ruhuna,,iGV,17.18,2017,Ruhuna - 2017,0.0,1.0,0.0,1.0,0.0,0.0,0.0,18.0,1.0,1.0,0.0,0.0,22.0
146,Ruhuna,,iGV,17.18,2017,Ruhuna - 2017,0.0,0.0,0.0,0.0,0.0,0.0,0.0,9.0,1.0,0.0,0.0,0.0,10.0
147,Ruhuna,,iGV,18.19,2018,Ruhuna - 2018,0.0,3.0,8.0,1.0,0.0,0.0,2.0,0.0,3.0,0.0,0.0,0.0,17.0
148,Ruhuna,,iGV,18.19,2018,Ruhuna - 2018,10.0,29.0,30.0,52.0,45.0,28.0,6.0,3.0,6.0,1.0,2.0,0.0,212.0
149,Ruhuna,,iGV,18.19,2018,Ruhuna - 2018,2.0,5.0,6.0,18.0,16.0,1.0,0.0,0.0,1.0,0.0,0.0,0.0,49.0
150,Ruhuna,,iGV,18.19,2018,Ruhuna - 2018,2.0,3.0,5.0,20.0,11.0,5.0,0.0,0.0,1.0,0.0,0.0,0.0,47.0
151,Ruhuna,,iGV,18.19,2018,Ruhuna - 2018,1.0,0.0,0.0,0.0,7.0,1.0,19.0,8.0,0.0,0.0,0.0,0.0,36.0
152,Ruhuna,,iGV,18.19,2018,Ruhuna - 2018,0.0,4.0,1.0,0.0,0.0,0.0,8.0,19.0,8.0,0.0,0.0,0.0,40.0
153,Ruhuna,,iGV,18.19,2018,Ruhuna - 2018,0.0,2.0,1.0,0.0,0.0,0.0,8.0,12.0,1.0,0.0,0.0,0.0,24.0
154,Ruhuna,,iGV,19.20,2019,Ruhuna - 2019,7.0,1.0,2.0,0.0,0.0,0.0,0.0,0.0,0.0,1.0,0.0,,11.0
155,Ruhuna,,iGV,19.20,2019,Ruhuna - 2019,22.0,68.0,24.0,25.0,7.0,6.0,5.0,0.0,1.0,0.0,9.0,,167.0
156,Ruhuna,,iGV,19.20,2019,Ruhuna - 2019,1.0,18.0,7.0,1.0,0.0,0.0,0.0,0.0,0.0,0.0,0.0,,27.0
157,Ruhuna,,iGV,19.20,2019,Ruhuna - 2019,0.0,8.0,6.0,0.0,0.0,0.0,0.0,0.0,0.0,0.0,0.0,,14.0
158,Ruhuna,,iGV,19.20,2019,Ruhuna - 2019,0.0,0.0,0.0,0.0,3.0,3.0,0.0,1.0,0.0,0.0,0.0,,7.0
159,Ruhuna,,iGV,19.20,2019,Ruhuna - 2019,0.0,0.0,0.0,0.0,0.0,3.0,3.0,0.0,1.0,0.0,0.0,,7.0
160,Ruhuna,,iGV,19.20,2019,Ruhuna - 2019,0.0,0.0,0.0,0.0,0.0,0.0,0.0,0.0,1.0,0.0,0.0,,1.0
161,Ruhuna,,iGV,21.22,2021,Ruhuna - 2021,,,,,,,,,,,,0.0,0.0
162,Ruhuna,,iGV,21.22,2021,Ruhuna - 2021,,,,,,,,,,,,27.0,27.0
163,Ruhuna,,iGV,21.22,2021,Ruhuna - 2021,,,,,,,,,,,,10.0,10.0
164,Ruhuna,,iGV,21.22,2021,Ruhuna - 2021,,,,,,,,,,,,5.0,5.0
165,Ruhuna,,iGV,21.22,2021,Ruhuna - 2021,,,,,,,,,,,,2.0,2.0
166,Ruhuna,,iGV,21.22,2021,Ruhuna - 2021,,,,,,,,,,,,0.0,0.0
167,Ruhuna,,iGV,21.22,2021,Ruhuna - 2021,,,,,,,,,,,,0.0,0.0
168,Ruhuna,,iGV,22.23,2022,Ruhuna - 2022,1.0,0.0,2.0,1.0,0.0,1.0,0.0,0.0,3.0,0.0,2.0,0.0,10.0
169,Ruhuna,,iGV,22.23,2022,Ruhuna - 2022,20.0,67.0,59.0,21.0,2.0,2.0,0.0,2.0,9.0,6.0,6.0,8.0,202.0
170,Ruhuna,,iGV,22.23,2022,Ruhuna - 2022,5.0,18.0,16.0,10.0,0.0,0.0,0.0,0.0,2.0,0.0,3.0,0.0,54.0
171,Ruhuna,,iGV,22.23,2022,Ruhuna - 2022,4.0,7.0,2.0,4.0,0.0,0.0,0.0,0.0,1.0,0.0,1.0,0.0,19.0
172,Ruhuna,,iGV,22.23,2022,Ruhuna - 2022,3.0,9.0,2.0,1.0,4.0,5.0,2.0,0.0,0.0,0.0,1.0,1.0,28.0
173,Ruhuna,,iGV,22.23,2022,Ruhuna - 2022,1.0,2.0,11.0,2.0,1.0,2.0,4.0,5.0,0.0,0.0,0.0,1.0,29.0
174,Ruhuna,,iGV,22.23,2022,Ruhuna - 2022,1.0,0.0,5.0,2.0,0.0,1.0,4.0,3.0,0.0,0.0,0.0,0.0,16.0
175,Ruhuna,,iGV,23.24,2023,Ruhuna - 2023,0.0,0.0,1.0,0.0,0.0,0.0,0.0,0.0,0.0,0.0,0.0,0.0,1.0
176,Ruhuna,,iGV,23.24,2023,Ruhuna - 2023,11.0,16.0,68.0,70.0,38.0,46.0,46.0,59.0,29.0,53.0,61.0,27.0,524.0
177,Ruhuna,,iGV,23.24,2023,Ruhuna - 2023,1.0,3.0,14.0,13.0,7.0,4.0,4.0,5.0,1.0,15.0,25.0,4.0,96.0
178,Ruhuna,,iGV,23.24,2023,Ruhuna - 2023,0.0,1.0,9.0,8.0,7.0,3.0,0.0,6.0,1.0,12.0,17.0,10.0,74.0
179,Ruhuna,,iGV,23.24,2023,Ruhuna - 2023,0.0,0.0,1.0,2.0,6.0,4.0,9.0,5.0,1.0,4.0,5.0,6.0,43.0
180,Ruhuna,,iGV,23.24,2023,Ruhuna - 2023,1.0,0.0,0.0,0.0,3.0,5.0,5.0,5.0,8.0,1.0,4.0,6.0,38.0
181,Ruhuna,,iGV,23.24,2023,Ruhuna - 2023,0.0,0.0,0.0,0.0,1.0,2.0,3.0,3.0,3.0,0.0,0.0,3.0,15.0
182,Ruhuna,,iGV,24.25,2024,Ruhuna - 2024,0.0,5.0,9.0,11.0,0.0,0.0,0.0,0.0,0.0,0.0,0.0,,25.0
183,Ruhuna,,iGV,24.25,2024,Ruhuna - 2024,50.0,101.0,70.0,38.0,0.0,0.0,0.0,0.0,0.0,0.0,0.0,,259.0
184,Ruhuna,,iGV,24.25,2024,Ruhuna - 2024,5.0,30.0,20.0,4.0,0.0,0.0,0.0,0.0,0.0,0.0,0.0,,59.0
185,Ruhuna,,iGV,24.25,2024,Ruhuna - 2024,6.0,29.0,17.0,6.0,0.0,0.0,0.0,0.0,0.0,0.0,0.0,,58.0
186,Ruhuna,,iGV,24.25,2024,Ruhuna - 2024,2.0,3.0,1.0,0.0,0.0,0.0,0.0,0.0,0.0,0.0,0.0,,6.0
187,Ruhuna,,iGV,24.25,2024,Ruhuna - 2024,4.0,3.0,3.0,2.0,0.0,0.0,0.0,0.0,0.0,0.0,0.0,,12.0
188,Ruhuna,,iGV,24.25,2024,Ruhuna - 2024,3.0,2.0,2.0,0.0,0.0,0.0,0.0,0.0,0.0,0.0,0.0,,7.0
189,Ruhuna,,oGV,15.16,2015,Ruhuna - 2015,,,,,,,,,,,,0.0,0.0
190,Ruhuna,,oGV,15.16,2015,Ruhuna - 2015,,,,,,,,,,,,0.0,0.0
191,Ruhuna,,oGV,15.16,2015,Ruhuna - 2015,,,,,,,,,,,,0.0,0.0
192,Ruhuna,,oGV,15.16,2015,Ruhuna - 2015,,,,,,,,,,,,0.0,0.0
193,Ruhuna,,oGV,15.16,2015,Ruhuna - 2015,,,,,,,,,,,,0.0,0.0
194,Ruhuna,,oGV,15.16,2015,Ruhuna - 2015,,,,,,,,,,,,0.0,0.0
195,Ruhuna,,oGV,15.16,2015,Ruhuna - 2015,,,,,,,,,,,,0.0,0.0
196,Ruhuna,,oGV,16.17,2016,Ruhuna - 2016,0.0,0.0,0.0,0.0,0.0,0.0,0.0,0.0,0.0,0.0,0.0,0.0,0.0
197,Ruhuna,,oGV,16.17,2016,Ruhuna - 2016,0.0,0.0,0.0,0.0,0.0,0.0,0.0,0.0,0.0,0.0,0.0,0.0,0.0
198,Ruhuna,,oGV,16.17,2016,Ruhuna - 2016,0.0,0.0,0.0,0.0,0.0,0.0,0.0,0.0,0.0,0.0,0.0,0.0,0.0
199,Ruhuna,,oGV,16.17,2016,Ruhuna - 2016,0.0,0.0,0.0,0.0,0.0,0.0,0.0,0.0,0.0,0.0,0.0,0.0,0.0
200,Ruhuna,,oGV,16.17,2016,Ruhuna - 2016,0.0,0.0,0.0,0.0,0.0,0.0,0.0,0.0,0.0,0.0,0.0,0.0,0.0
201,Ruhuna,,oGV,16.17,2016,Ruhuna - 2016,0.0,0.0,0.0,0.0,0.0,0.0,0.0,0.0,0.0,0.0,0.0,0.0,0.0
202,Ruhuna,,oGV,16.17,2016,Ruhuna - 2016,0.0,0.0,0.0,0.0,0.0,0.0,0.0,0.0,0.0,0.0,0.0,0.0,0.0
203,Ruhuna,,oGV,17.18,2017,Ruhuna - 2017,0.0,0.0,0.0,0.0,0.0,0.0,4.0,16.0,10.0,3.0,1.0,0.0,34.0
204,Ruhuna,,oGV,17.18,2017,Ruhuna - 2017,0.0,0.0,0.0,0.0,0.0,0.0,1.0,5.0,12.0,8.0,2.0,3.0,31.0
205,Ruhuna,,oGV,17.18,2017,Ruhuna - 2017,0.0,0.0,0.0,0.0,0.0,0.0,0.0,2.0,3.0,6.0,1.0,1.0,13.0
206,Ruhuna,,oGV,17.18,2017,Ruhuna - 2017,0.0,0.0,0.0,0.0,0.0,0.0,0.0,0.0,3.0,7.0,1.0,1.0,12.0
207,Ruhuna,,oGV,17.18,2017,Ruhuna - 2017,0.0,0.0,0.0,0.0,0.0,0.0,0.0,0.0,1.0,0.0,6.0,2.0,9.0
208,Ruhuna,,oGV,17.18,2017,Ruhuna - 2017,0.0,0.0,0.0,0.0,0.0,0.0,0.0,0.0,0.0,0.0,1.0,0.0,1.0
209,Ruhuna,,oGV,17.18,2017,Ruhuna - 2017,0.0,0.0,0.0,0.0,0.0,0.0,0.0,0.0,0.0,0.0,1.0,0.0,1.0
210,Ruhuna,,oGV,18.19,2018,Ruhuna - 2018,0.0,2.0,1.0,2.0,5.0,1.0,5.0,5.0,1.0,10.0,7.0,0.0,39.0
211,Ruhuna,,oGV,18.19,2018,Ruhuna - 2018,0.0,1.0,0.0,0.0,1.0,1.0,3.0,1.0,0.0,12.0,8.0,1.0,28.0
212,Ruhuna,,oGV,18.19,2018,Ruhuna - 2018,0.0,0.0,0.0,0.0,0.0,1.0,1.0,1.0,0.0,6.0,4.0,1.0,14.0
213,Ruhuna,,oGV,18.19,2018,Ruhuna - 2018,0.0,0.0,0.0,0.0,0.0,0.0,1.0,0.0,1.0,6.0,4.0,1.0,13.0
214,Ruhuna,,oGV,18.19,2018,Ruhuna - 2018,0.0,0.0,0.0,0.0,0.0,0.0,0.0,1.0,0.0,1.0,0.0,0.0,2.0
215,Ruhuna,,oGV,18.19,2018,Ruhuna - 2018,7.0,1.0,0.0,0.0,0.0,0.0,0.0,0.0,0.0,1.0,1.0,0.0,10.0
216,Ruhuna,,oGV,18.19,2018,Ruhuna - 2018,6.0,1.0,0.0,0.0,0.0,0.0,0.0,0.0,0.0,0.0,1.0,0.0,8.0
217,Ruhuna,,oGV,19.20,2019,Ruhuna - 2019,6.0,14.0,9.0,1.0,1.0,1.0,1.0,5.0,3.0,2.0,15.0,,58.0
218,Ruhuna,,oGV,19.20,2019,Ruhuna - 2019,4.0,6.0,7.0,9.0,2.0,0.0,0.0,0.0,3.0,3.0,1.0,,35.0
219,Ruhuna,,oGV,19.20,2019,Ruhuna - 2019,0.0,2.0,4.0,6.0,1.0,0.0,0.0,0.0,2.0,0.0,0.0,,15.0
220,Ruhuna,,oGV,19.20,2019,Ruhuna - 2019,0.0,2.0,2.0,5.0,1.0,0.0,0.0,0.0,2.0,0.0,0.0,,12.0
221,Ruhuna,,oGV,19.20,2019,Ruhuna - 2019,10.0,0.0,2.0,1.0,0.0,1.0,0.0,4.0,0.0,1.0,0.0,,19.0
222,Ruhuna,,oGV,19.20,2019,Ruhuna - 2019,0.0,10.0,0.0,2.0,1.0,0.0,1.0,0.0,4.0,0.0,1.0,,19.0
223,Ruhuna,,oGV,19.20,2019,Ruhuna - 2019,0.0,10.0,0.0,2.0,1.0,0.0,0.0,0.0,4.0,0.0,1.0,,18.0
224,Ruhuna,,oGV,21.22,2021,Ruhuna - 2021,,,,,,,,,,,,12.0,12.0
225,Ruhuna,,oGV,21.22,2021,Ruhuna - 2021,,,,,,,,,,,,1.0,1.0
226,Ruhuna,,oGV,21.22,2021,Ruhuna - 2021,,,,,,,,,,,,0.0,0.0
227,Ruhuna,,oGV,21.22,2021,Ruhuna - 2021,,,,,,,,,,,,0.0,0.0
228,Ruhuna,,oGV,21.22,2021,Ruhuna - 2021,,,,,,,,,,,,0.0,0.0
229,Ruhuna,,oGV,21.22,2021,Ruhuna - 2021,,,,,,,,,,,,0.0,0.0
230,Ruhuna,,oGV,21.22,2021,Ruhuna - 2021,,,,,,,,,,,,0.0,0.0
231,Ruhuna,,oGV,22.23,2022,Ruhuna - 2022,18.0,19.0,2.0,10.0,6.0,9.0,22.0,1.0,3.0,13.0,17.0,19.0,139.0
232,Ruhuna,,oGV,22.23,2022,Ruhuna - 2022,0.0,0.0,0.0,0.0,1.0,4.0,2.0,1.0,2.0,0.0,6.0,8.0,24.0
233,Ruhuna,,oGV,22.23,2022,Ruhuna - 2022,0.0,0.0,0.0,0.0,0.0,2.0,1.0,1.0,2.0,0.0,1.0,4.0,11.0
234,Ruhuna,,oGV,22.23,2022,Ruhuna - 2022,0.0,0.0,0.0,0.0,0.0,1.0,1.0,0.0,2.0,0.0,1.0,3.0,8.0
235,Ruhuna,,oGV,22.23,2022,Ruhuna - 2022,0.0,0.0,0.0,0.0,0.0,0.0,1.0,1.0,2.0,0.0,0.0,0.0,4.0
236,Ruhuna,,oGV,22.23,2022,Ruhuna - 2022,0.0,0.0,0.0,0.0,0.0,0.0,0.0,1.0,1.0,2.0,0.0,0.0,4.0
237,Ruhuna,,oGV,22.23,2022,Ruhuna - 2022,0.0,0.0,0.0,0.0,0.0,0.0,0.0,1.0,1.0,2.0,0.0,0.0,4.0
238,Ruhuna,,oGV,23.24,2023,Ruhuna - 2023,9.0,3.0,2.0,1.0,5.0,2.0,0.0,6.0,2.0,5.0,0.0,2.0,37.0
239,Ruhuna,,oGV,23.24,2023,Ruhuna - 2023,3.0,0.0,4.0,0.0,1.0,1.0,0.0,0.0,0.0,2.0,1.0,0.0,12.0
240,Ruhuna,,oGV,23.24,2023,Ruhuna - 2023,4.0,0.0,1.0,2.0,0.0,1.0,0.0,0.0,0.0,1.0,1.0,0.0,10.0
241,Ruhuna,,oGV,23.24,2023,Ruhuna - 2023,0.0,0.0,1.0,0.0,0.0,0.0,0.0,0.0,0.0,0.0,2.0,0.0,3.0
242,Ruhuna,,oGV,23.24,2023,Ruhuna - 2023,0.0,3.0,0.0,0.0,1.0,0.0,0.0,0.0,0.0,0.0,0.0,0.0,4.0
243,Ruhuna,,oGV,23.24,2023,Ruhuna - 2023,0.0,0.0,1.0,2.0,0.0,1.0,0.0,0.0,0.0,0.0,0.0,0.0,4.0
244,Ruhuna,,oGV,23.24,2023,Ruhuna - 2023,0.0,0.0,0.0,0.0,0.0,1.0,0.0,0.0,0.0,0.0,0.0,0.0,1.0
245,Ruhuna,,oGV,24.25,2024,Ruhuna - 2024,10.0,42.0,3.0,8.0,0.0,0.0,0.0,0.0,0.0,0.0,0.0,,63.0
246,Ruhuna,,oGV,24.25,2024,Ruhuna - 2024,2.0,9.0,0.0,0.0,0.0,0.0,0.0,0.0,0.0,0.0,0.0,,11.0
247,Ruhuna,,oGV,24.25,2024,Ruhuna - 2024,2.0,7.0,0.0,0.0,0.0,0.0,0.0,0.0,0.0,0.0,0.0,,9.0
248,Ruhuna,,oGV,24.25,2024,Ruhuna - 2024,0.0,7.0,1.0,0.0,0.0,0.0,0.0,0.0,0.0,0.0,0.0,,8.0
249,Ruhuna,,oGV,24.25,2024,Ruhuna - 2024,0.0,0.0,1.0,0.0,0.0,0.0,0.0,0.0,0.0,0.0,0.0,,1.0
250,Ruhuna,,oGV,24.25,2024,Ruhuna - 2024,0.0,0.0,0.0,1.0,0.0,0.0,0.0,0.0,0.0,0.0,0.0,,1.0
251,Ruhuna,,oGV,24.25,2024,Ruhuna - 2024,0.0,0.0,0.0,0.0,0.0,0.0,0.0,0.0,0.0,0.0,0.0,,0.0
252,,,,,,,,,,,,,,,,,,,
253,,,,,,,,,,,,,,,,,,,
254,,,,,,,,,,,,,,,,,,,
255,,,,,,,,,,,,,,,,,,,
256,Ruhuna,,Total,15.16,2015,Ruhuna - 2015,,,,,,,,,,,,0.0,0.0
257,,,,,,,,,,,,,,,,,,,
258,,,,,,,,,,,,,,,,,,,
259,,,,,,,,,,,,,,,,,,,
260,,,,,,,,,,,,,,,,,,,
261,,,,,,,,,,,,,,,,,,,
262,,,,,,,,,,,,,,,,,,,
263,Ruhuna,,Total,16.17,2016,Ruhuna - 2016,0.0,0.0,0.0,0.0,0.0,0.0,0.0,0.0,0.0,0.0,0.0,0.0,0.0
264,,,,,,,,,,,,,,,,,,,
265,,,,,,,,,,,,,,,,,,,
266,,,,,,,,,,,,,,,,,,,
267,,,,,,,,,,,,,,,,,,,
268,,,,,,,,,,,,,,,,,,,
269,,,,,,,,,,,,,,,,,,,
270,Ruhuna,,Total,17.18,2017,Ruhuna - 2017,0.0,0.0,0.0,0.0,0.0,0.0,0.0,0.0,0.0,0.0,0.0,0.0,0.0
271,,,,,,,,,,,,,,,,,,,
272,,,,,,,,,,,,,,,,,,,
273,,,,,,,,,,,,,,,,,,,
274,,,,,,,,,,,,,,,,,,,
275,,,,,,,,,,,,,,,,,,,
276,,,,,,,,,,,,,,,,,,,
277,Ruhuna,,Total,18.19,2018,Ruhuna - 2018,0.0,0.0,0.0,0.0,0.0,0.0,0.0,0.0,0.0,0.0,0.0,0.0,0.0
278,,,,,,,,,,,,,,,,,,,
279,,,,,,,,,,,,,,,,,,,
280,,,,,,,,,,,,,,,,,,,
281,,,,,,,,,,,,,,,,,,,
282,,,,,,,,,,,,,,,,,,,
283,,,,,,,,,,,,,,,,,,,
284,Ruhuna,,Total,19.20,2019,Ruhuna - 2019,0.0,0.0,0.0,0.0,0.0,0.0,0.0,0.0,0.0,0.0,0.0,,0.0
285,,,,,,,,,,,,,,,,,,,
286,,,,,,,,,,,,,,,,,,,
287,,,,,,,,,,,,,,,,,,,
288,,,,,,,,,,,,,,,,,,,
289,,,,,,,,,,,,,,,,,,,
290,,,,,,,,,,,,,,,,,,,
291,Ruhuna,,Total,21.22,2021,Ruhuna - 2021,,,,,,,,,,,,0.0,0.0
292,,,,,,,,,,,,,,,,,,,
293,,,,,,,,,,,,,,,,,,,
294,,,,,,,,,,,,,,,,,,,
295,,,,,,,,,,,,,,,,,,,
296,,,,,,,,,,,,,,,,,,,
297,,,,,,,,,,,,,,,,,,,
298,Ruhuna,,Total,22.23,2022,Ruhuna - 2022,0.0,0.0,0.0,0.0,0.0,0.0,0.0,0.0,0.0,0.0,0.0,0.0,0.0
299,,,,,,,,,,,,,,,,,,,
300,,,,,,,,,,,,,,,,,,,
301,,,,,,,,,,,,,,,,,,,
302,,,,,,,,,,,,,,,,,,,
303,,,,,,,,,,,,,,,,,,,
304,,,,,,,,,,,,,,,,,,,
305,Ruhuna,,Total,23.24,2023,Ruhuna - 2023,0.0,0.0,0.0,0.0,0.0,0.0,0.0,0.0,0.0,0.0,0.0,0.0,0.0
306,,,,,,,,,,,,,,,,,,,
307,,,,,,,,,,,,,,,,,,,
308,,,,,,,,,,,,,,,,,,,
309,,,,,,,,,,,,,,,,,,,
310,,,,,,,,,,,,,,,,,,,
311,,,,,,,,,,,,,,,,,,,
312,Ruhuna,,Total,24.25,2024,Ruhuna - 2024,0.0,0.0,0.0,0.0,0.0,0.0,0.0,0.0,0.0,0.0,0.0,,0.0
313,,,,,,,,,,,,,,,,,,,
314,,,,,,,,,,,,,,,,,,,
315,Ruhuna,,oGTe,15.16,2015,Ruhuna - 2015,,,,,,,,,,,,0.0,0.0
316,Ruhuna,,oGTe,15.16,2015,Ruhuna - 2015,,,,,,,,,,,,0.0,0.0
317,Ruhuna,,oGTe,15.16,2015,Ruhuna - 2015,,,,,,,,,,,,0.0,0.0
318,Ruhuna,,oGTe,15.16,2015,Ruhuna - 2015,,,,,,,,,,,,0.0,0.0
319,Ruhuna,,oGTe,15.16,2015,Ruhuna - 2015,,,,,,,,,,,,0.0,0.0
320,Ruhuna,,oGTe,15.16,2015,Ruhuna - 2015,,,,,,,,,,,,0.0,0.0
321,Ruhuna,,oGTe,15.16,2015,Ruhuna - 2015,,,,,,,,,,,,0.0,0.0
322,Ruhuna,,oGTe,16.17,2016,Ruhuna - 2016,0.0,0.0,0.0,0.0,0.0,0.0,0.0,0.0,0.0,0.0,0.0,0.0,0.0
323,Ruhuna,,oGTe,16.17,2016,Ruhuna - 2016,0.0,0.0,0.0,0.0,0.0,0.0,0.0,0.0,0.0,0.0,0.0,0.0,0.0
324,Ruhuna,,oGTe,16.17,2016,Ruhuna - 2016,0.0,0.0,0.0,0.0,0.0,0.0,0.0,0.0,0.0,0.0,0.0,0.0,0.0
325,Ruhuna,,oGTe,16.17,2016,Ruhuna - 2016,0.0,0.0,0.0,0.0,0.0,0.0,0.0,0.0,0.0,0.0,0.0,0.0,0.0
326,Ruhuna,,oGTe,16.17,2016,Ruhuna - 2016,0.0,0.0,0.0,0.0,0.0,0.0,0.0,0.0,0.0,0.0,0.0,0.0,0.0
327,Ruhuna,,oGTe,16.17,2016,Ruhuna - 2016,0.0,0.0,0.0,0.0,0.0,0.0,0.0,0.0,0.0,0.0,0.0,0.0,0.0
328,Ruhuna,,oGTe,16.17,2016,Ruhuna - 2016,0.0,0.0,0.0,0.0,0.0,0.0,0.0,0.0,0.0,0.0,0.0,0.0,0.0
329,Ruhuna,,oGTe,17.18,2017,Ruhuna - 2017,0.0,0.0,0.0,0.0,0.0,0.0,0.0,0.0,0.0,0.0,0.0,0.0,0.0
330,Ruhuna,,oGTe,17.18,2017,Ruhuna - 2017,0.0,0.0,0.0,0.0,0.0,0.0,0.0,0.0,0.0,0.0,0.0,0.0,0.0
331,Ruhuna,,oGTe,17.18,2017,Ruhuna - 2017,0.0,0.0,0.0,0.0,0.0,0.0,0.0,0.0,0.0,0.0,0.0,0.0,0.0
332,Ruhuna,,oGTe,17.18,2017,Ruhuna - 2017,0.0,0.0,0.0,0.0,0.0,0.0,0.0,0.0,0.0,0.0,0.0,0.0,0.0
333,Ruhuna,,oGTe,17.18,2017,Ruhuna - 2017,0.0,0.0,0.0,0.0,0.0,0.0,0.0,0.0,0.0,0.0,0.0,0.0,0.0
334,Ruhuna,,oGTe,17.18,2017,Ruhuna - 2017,0.0,0.0,0.0,0.0,0.0,0.0,0.0,0.0,0.0,0.0,0.0,0.0,0.0
335,Ruhuna,,oGTe,17.18,2017,Ruhuna - 2017,0.0,0.0,0.0,0.0,0.0,0.0,0.0,0.0,0.0,0.0,0.0,0.0,0.0
336,Ruhuna,,oGTe,18.19,2018,Ruhuna - 2018,0.0,0.0,0.0,0.0,0.0,0.0,0.0,0.0,0.0,0.0,0.0,0.0,0.0
337,Ruhuna,,oGTe,18.19,2018,Ruhuna - 2018,0.0,0.0,0.0,0.0,0.0,0.0,0.0,0.0,0.0,0.0,0.0,0.0,0.0
338,Ruhuna,,oGTe,18.19,2018,Ruhuna - 2018,0.0,0.0,0.0,0.0,0.0,0.0,0.0,0.0,0.0,0.0,0.0,0.0,0.0
339,Ruhuna,,oGTe,18.19,2018,Ruhuna - 2018,0.0,0.0,0.0,0.0,0.0,0.0,0.0,0.0,0.0,0.0,0.0,0.0,0.0
340,Ruhuna,,oGTe,18.19,2018,Ruhuna - 2018,0.0,0.0,0.0,0.0,0.0,0.0,0.0,0.0,0.0,0.0,0.0,0.0,0.0
341,Ruhuna,,oGTe,18.19,2018,Ruhuna - 2018,0.0,0.0,0.0,0.0,0.0,0.0,0.0,0.0,0.0,0.0,0.0,0.0,0.0
342,Ruhuna,,oGTe,18.19,2018,Ruhuna - 2018,0.0,0.0,0.0,0.0,0.0,0.0,0.0,0.0,0.0,0.0,0.0,0.0,0.0
343,Ruhuna,,oGTe,19.20,2019,Ruhuna - 2019,0.0,1.0,0.0,0.0,0.0,0.0,0.0,0.0,0.0,0.0,0.0,,1.0
344,Ruhuna,,oGTe,19.20,2019,Ruhuna - 2019,0.0,0.0,0.0,0.0,0.0,0.0,0.0,0.0,0.0,0.0,0.0,,0.0
345,Ruhuna,,oGTe,19.20,2019,Ruhuna - 2019,0.0,0.0,0.0,0.0,0.0,0.0,0.0,0.0,0.0,0.0,0.0,,0.0
346,Ruhuna,,oGTe,19.20,2019,Ruhuna - 2019,0.0,0.0,0.0,0.0,0.0,0.0,0.0,0.0,0.0,0.0,0.0,,0.0
347,Ruhuna,,oGTe,19.20,2019,Ruhuna - 2019,0.0,0.0,0.0,0.0,0.0,0.0,0.0,0.0,0.0,0.0,0.0,,0.0
348,Ruhuna,,oGTe,19.20,2019,Ruhuna - 2019,0.0,0.0,0.0,0.0,0.0,0.0,0.0,0.0,0.0,0.0,0.0,,0.0
349,Ruhuna,,oGTe,19.20,2019,Ruhuna - 2019,0.0,0.0,0.0,0.0,0.0,0.0,0.0,0.0,0.0,0.0,0.0,,0.0
350,Ruhuna,,oGTe,21.22,2021,Ruhuna - 2021,,,,,,,,,,,,0.0,0.0
351,Ruhuna,,oGTe,21.22,2021,Ruhuna - 2021,,,,,,,,,,,,0.0,0.0
352,Ruhuna,,oGTe,21.22,2021,Ruhuna - 2021,,,,,,,,,,,,0.0,0.0
353,Ruhuna,,oGTe,21.22,2021,Ruhuna - 2021,,,,,,,,,,,,0.0,0.0
354,Ruhuna,,oGTe,21.22,2021,Ruhuna - 2021,,,,,,,,,,,,0.0,0.0
355,Ruhuna,,oGTe,21.22,2021,Ruhuna - 2021,,,,,,,,,,,,0.0,0.0
356,Ruhuna,,oGTe,21.22,2021,Ruhuna - 2021,,,,,,,,,,,,0.0,0.0
357,Ruhuna,,oGTe,22.23,2022,Ruhuna - 2022,1.0,2.0,3.0,1.0,0.0,0.0,0.0,0.0,1.0,3.0,0.0,0.0,11.0
358,Ruhuna,,oGTe,22.23,2022,Ruhuna - 2022,0.0,2.0,3.0,1.0,2.0,0.0,0.0,0.0,1.0,2.0,1.0,1.0,13.0
359,Ruhuna,,oGTe,22.23,2022,Ruhuna - 2022,0.0,0.0,0.0,0.0,0.0,0.0,0.0,0.0,0.0,0.0,0.0,0.0,0.0
360,Ruhuna,,oGTe,22.23,2022,Ruhuna - 2022,0.0,0.0,0.0,0.0,0.0,0.0,0.0,0.0,0.0,0.0,0.0,0.0,0.0
361,Ruhuna,,oGTe,22.23,2022,Ruhuna - 2022,0.0,0.0,0.0,0.0,0.0,0.0,0.0,0.0,0.0,0.0,0.0,0.0,0.0
362,Ruhuna,,oGTe,22.23,2022,Ruhuna - 2022,0.0,0.0,0.0,0.0,0.0,0.0,0.0,0.0,0.0,0.0,0.0,0.0,0.0
363,Ruhuna,,oGTe,22.23,2022,Ruhuna - 2022,0.0,0.0,0.0,0.0,0.0,0.0,0.0,0.0,0.0,0.0,0.0,0.0,0.0
364,Ruhuna,,oGTe,23.24,2023,Ruhuna - 2023,1.0,0.0,0.0,0.0,1.0,0.0,0.0,0.0,0.0,0.0,1.0,1.0,4.0
365,Ruhuna,,oGTe,23.24,2023,Ruhuna - 2023,1.0,1.0,1.0,0.0,1.0,0.0,0.0,0.0,0.0,0.0,0.0,1.0,5.0
366,Ruhuna,,oGTe,23.24,2023,Ruhuna - 2023,0.0,0.0,0.0,0.0,0.0,0.0,0.0,0.0,0.0,0.0,0.0,0.0,0.0
367,Ruhuna,,oGTe,23.24,2023,Ruhuna - 2023,0.0,0.0,0.0,0.0,0.0,0.0,0.0,0.0,0.0,0.0,0.0,0.0,0.0
368,Ruhuna,,oGTe,23.24,2023,Ruhuna - 2023,0.0,0.0,0.0,0.0,0.0,0.0,0.0,0.0,0.0,0.0,0.0,0.0,0.0
369,Ruhuna,,oGTe,23.24,2023,Ruhuna - 2023,0.0,0.0,0.0,0.0,0.0,0.0,0.0,0.0,0.0,0.0,0.0,0.0,0.0
370,Ruhuna,,oGTe,23.24,2023,Ruhuna - 2023,0.0,0.0,0.0,0.0,0.0,0.0,0.0,0.0,0.0,0.0,0.0,0.0,0.0
371,Ruhuna,,oGTe,24.25,2024,Ruhuna - 2024,1.0,2.0,1.0,1.0,0.0,0.0,0.0,0.0,0.0,0.0,0.0,,5.0
372,Ruhuna,,oGTe,24.25,2024,Ruhuna - 2024,0.0,6.0,1.0,1.0,0.0,0.0,0.0,0.0,0.0,0.0,0.0,,8.0
373,Ruhuna,,oGTe,24.25,2024,Ruhuna - 2024,0.0,0.0,0.0,0.0,0.0,0.0,0.0,0.0,0.0,0.0,0.0,,0.0
374,Ruhuna,,oGTe,24.25,2024,Ruhuna - 2024,0.0,0.0,0.0,0.0,0.0,0.0,0.0,0.0,0.0,0.0,0.0,,0.0
375,Ruhuna,,oGTe,24.25,2024,Ruhuna - 2024,0.0,0.0,0.0,0.0,0.0,0.0,0.0,0.0,0.0,0.0,0.0,,0.0
376,Ruhuna,,oGTe,24.25,2024,Ruhuna - 2024,0.0,0.0,0.0,0.0,0.0,0.0,0.0,0.0,0.0,0.0,0.0,,0.0
377,Ruhuna,,oGTe,24.25,2024,Ruhuna - 2024,0.0,0.0,0.0,0.0,0.0,0.0,0.0,0.0,0.0,0.0,0.0,,0.0
378,Ruhuna,,iGTe,15.16,2015,Ruhuna - 2015,,,,,,,,,,,,0.0,0.0
379,Ruhuna,,iGTe,15.16,2015,Ruhuna - 2015,,,,,,,,,,,,0.0,0.0
380,Ruhuna,,iGTe,15.16,2015,Ruhuna - 2015,,,,,,,,,,,,0.0,0.0
381,Ruhuna,,iGTe,15.16,2015,Ruhuna - 2015,,,,,,,,,,,,0.0,0.0
382,Ruhuna,,iGTe,15.16,2015,Ruhuna - 2015,,,,,,,,,,,,0.0,0.0
383,Ruhuna,,iGTe,15.16,2015,Ruhuna - 2015,,,,,,,,,,,,0.0,0.0
384,Ruhuna,,iGTe,15.16,2015,Ruhuna - 2015,,,,,,,,,,,,0.0,0.0
385,Ruhuna,,iGTe,16.17,2016,Ruhuna - 2016,0.0,0.0,0.0,0.0,0.0,0.0,0.0,0.0,0.0,0.0,0.0,0.0,0.0
386,Ruhuna,,iGTe,16.17,2016,Ruhuna - 2016,0.0,0.0,0.0,0.0,0.0,0.0,0.0,0.0,0.0,0.0,0.0,0.0,0.0
387,Ruhuna,,iGTe,16.17,2016,Ruhuna - 2016,0.0,0.0,0.0,0.0,0.0,0.0,0.0,0.0,0.0,0.0,0.0,0.0,0.0
388,Ruhuna,,iGTe,16.17,2016,Ruhuna - 2016,0.0,0.0,0.0,0.0,0.0,0.0,0.0,0.0,0.0,0.0,0.0,0.0,0.0
389,Ruhuna,,iGTe,16.17,2016,Ruhuna - 2016,0.0,0.0,0.0,0.0,0.0,0.0,0.0,0.0,0.0,0.0,0.0,0.0,0.0
390,Ruhuna,,iGTe,16.17,2016,Ruhuna - 2016,0.0,0.0,0.0,0.0,0.0,0.0,0.0,0.0,0.0,0.0,0.0,0.0,0.0
391,Ruhuna,,iGTe,16.17,2016,Ruhuna - 2016,0.0,0.0,0.0,0.0,0.0,0.0,0.0,0.0,0.0,0.0,0.0,0.0,0.0
392,Ruhuna,,iGTe,17.18,2017,Ruhuna - 2017,0.0,0.0,0.0,0.0,0.0,0.0,0.0,0.0,0.0,0.0,0.0,0.0,0.0
393,Ruhuna,,iGTe,17.18,2017,Ruhuna - 2017,0.0,0.0,0.0,0.0,0.0,0.0,0.0,0.0,0.0,0.0,0.0,0.0,0.0
394,Ruhuna,,iGTe,17.18,2017,Ruhuna - 2017,0.0,0.0,0.0,0.0,0.0,0.0,0.0,0.0,0.0,0.0,0.0,0.0,0.0
395,Ruhuna,,iGTe,17.18,2017,Ruhuna - 2017,0.0,0.0,0.0,0.0,0.0,0.0,0.0,0.0,0.0,0.0,0.0,0.0,0.0
396,Ruhuna,,iGTe,17.18,2017,Ruhuna - 2017,0.0,0.0,0.0,0.0,0.0,0.0,0.0,0.0,0.0,0.0,0.0,0.0,0.0
397,Ruhuna,,iGTe,17.18,2017,Ruhuna - 2017,0.0,0.0,0.0,0.0,0.0,0.0,0.0,0.0,0.0,0.0,0.0,0.0,0.0
398,Ruhuna,,iGTe,17.18,2017,Ruhuna - 2017,0.0,0.0,0.0,0.0,0.0,0.0,0.0,0.0,0.0,0.0,0.0,0.0,0.0
399,Ruhuna,,iGTe,18.19,2018,Ruhuna - 2018,0.0,0.0,0.0,0.0,0.0,0.0,0.0,0.0,0.0,0.0,0.0,0.0,0.0
400,Ruhuna,,iGTe,18.19,2018,Ruhuna - 2018,0.0,0.0,0.0,0.0,0.0,0.0,0.0,0.0,0.0,0.0,0.0,0.0,0.0
401,Ruhuna,,iGTe,18.19,2018,Ruhuna - 2018,0.0,0.0,0.0,0.0,0.0,0.0,0.0,0.0,0.0,0.0,0.0,0.0,0.0
402,Ruhuna,,iGTe,18.19,2018,Ruhuna - 2018,0.0,0.0,0.0,0.0,0.0,0.0,0.0,0.0,0.0,0.0,0.0,0.0,0.0
403,Ruhuna,,iGTe,18.19,2018,Ruhuna - 2018,0.0,0.0,0.0,0.0,0.0,0.0,0.0,0.0,0.0,0.0,0.0,0.0,0.0
404,Ruhuna,,iGTe,18.19,2018,Ruhuna - 2018,0.0,0.0,0.0,0.0,0.0,0.0,0.0,0.0,0.0,0.0,0.0,0.0,0.0
405,Ruhuna,,iGTe,18.19,2018,Ruhuna - 2018,0.0,0.0,0.0,0.0,0.0,0.0,0.0,0.0,0.0,0.0,0.0,0.0,0.0
406,Ruhuna,,iGTe,19.20,2019,Ruhuna - 2019,0.0,0.0,0.0,0.0,0.0,0.0,0.0,0.0,0.0,0.0,0.0,,0.0
407,Ruhuna,,iGTe,19.20,2019,Ruhuna - 2019,0.0,0.0,0.0,0.0,0.0,0.0,0.0,0.0,0.0,0.0,0.0,,0.0
408,Ruhuna,,iGTe,19.20,2019,Ruhuna - 2019,0.0,0.0,0.0,0.0,0.0,0.0,0.0,0.0,0.0,0.0,0.0,,0.0
409,Ruhuna,,iGTe,19.20,2019,Ruhuna - 2019,0.0,0.0,0.0,0.0,0.0,0.0,0.0,0.0,0.0,0.0,0.0,,0.0
410,Ruhuna,,iGTe,19.20,2019,Ruhuna - 2019,0.0,0.0,0.0,0.0,0.0,0.0,0.0,0.0,0.0,0.0,0.0,,0.0
411,Ruhuna,,iGTe,19.20,2019,Ruhuna - 2019,0.0,0.0,0.0,0.0,0.0,0.0,0.0,0.0,0.0,0.0,0.0,,0.0
412,Ruhuna,,iGTe,19.20,2019,Ruhuna - 2019,0.0,0.0,0.0,0.0,0.0,0.0,0.0,0.0,0.0,0.0,0.0,,0.0
413,Ruhuna,,iGTe,21.22,2021,Ruhuna - 2021,,,,,,,,,,,,0.0,0.0
414,Ruhuna,,iGTe,21.22,2021,Ruhuna - 2021,,,,,,,,,,,,2.0,2.0
415,Ruhuna,,iGTe,21.22,2021,Ruhuna - 2021,,,,,,,,,,,,0.0,0.0
416,Ruhuna,,iGTe,21.22,2021,Ruhuna - 2021,,,,,,,,,,,,0.0,0.0
417,Ruhuna,,iGTe,21.22,2021,Ruhuna - 2021,,,,,,,,,,,,0.0,0.0
418,Ruhuna,,iGTe,21.22,2021,Ruhuna - 2021,,,,,,,,,,,,0.0,0.0
419,Ruhuna,,iGTe,21.22,2021,Ruhuna - 2021,,,,,,,,,,,,0.0,0.0
420,Ruhuna,,iGTe,22.23,2022,Ruhuna - 2022,0.0,0.0,0.0,0.0,0.0,0.0,0.0,1.0,0.0,0.0,1.0,0.0,2.0
421,Ruhuna,,iGTe,22.23,2022,Ruhuna - 2022,0.0,0.0,0.0,3.0,4.0,0.0,2.0,2.0,3.0,6.0,9.0,15.0,44.0
422,Ruhuna,,iGTe,22.23,2022,Ruhuna - 2022,0.0,0.0,0.0,0.0,1.0,0.0,0.0,0.0,0.0,0.0,2.0,0.0,3.0
423,Ruhuna,,iGTe,22.23,2022,Ruhuna - 2022,0.0,0.0,0.0,0.0,1.0,0.0,0.0,0.0,0.0,0.0,1.0,0.0,2.0
424,Ruhuna,,iGTe,22.23,2022,Ruhuna - 2022,0.0,0.0,0.0,0.0,1.0,0.0,0.0,0.0,0.0,0.0,0.0,0.0,1.0
425,Ruhuna,,iGTe,22.23,2022,Ruhuna - 2022,0.0,0.0,0.0,0.0,0.0,0.0,0.0,1.0,0.0,0.0,0.0,0.0,1.0
426,Ruhuna,,iGTe,22.23,2022,Ruhuna - 2022,0.0,0.0,0.0,0.0,0.0,0.0,0.0,1.0,0.0,0.0,0.0,0.0,1.0
427,Ruhuna,,iGTe,23.24,2023,Ruhuna - 2023,0.0,0.0,0.0,0.0,0.0,1.0,0.0,1.0,0.0,0.0,0.0,0.0,2.0
428,Ruhuna,,iGTe,23.24,2023,Ruhuna - 2023,8.0,7.0,8.0,0.0,1.0,4.0,5.0,10.0,2.0,0.0,0.0,0.0,45.0
429,Ruhuna,,iGTe,23.24,2023,Ruhuna - 2023,0.0,0.0,0.0,0.0,0.0,0.0,0.0,1.0,0.0,0.0,0.0,0.0,1.0
430,Ruhuna,,iGTe,23.24,2023,Ruhuna - 2023,0.0,0.0,0.0,0.0,0.0,0.0,0.0,1.0,0.0,0.0,0.0,0.0,1.0
431,Ruhuna,,iGTe,23.24,2023,Ruhuna - 2023,0.0,0.0,0.0,0.0,1.0,0.0,0.0,0.0,0.0,0.0,0.0,1.0,2.0
432,Ruhuna,,iGTe,23.24,2023,Ruhuna - 2023,0.0,0.0,0.0,0.0,0.0,0.0,0.0,1.0,0.0,0.0,0.0,0.0,1.0
433,Ruhuna,,iGTe,23.24,2023,Ruhuna - 2023,0.0,0.0,0.0,0.0,0.0,0.0,0.0,1.0,0.0,0.0,0.0,0.0,1.0
434,Ruhuna,,iGTe,24.25,2024,Ruhuna - 2024,0.0,0.0,0.0,1.0,0.0,0.0,0.0,0.0,0.0,0.0,0.0,,1.0
435,Ruhuna,,iGTe,24.25,2024,Ruhuna - 2024,9.0,21.0,14.0,5.0,0.0,0.0,0.0,0.0,0.0,0.0,0.0,,49.0
436,Ruhuna,,iGTe,24.25,2024,Ruhuna - 2024,0.0,1.0,0.0,0.0,0.0,0.0,0.0,0.0,0.0,0.0,0.0,,1.0
437,Ruhuna,,iGTe,24.25,2024,Ruhuna - 2024,0.0,1.0,0.0,0.0,0.0,0.0,0.0,0.0,0.0,0.0,0.0,,1.0
438,Ruhuna,,iGTe,24.25,2024,Ruhuna - 2024,0.0,0.0,0.0,0.0,0.0,0.0,0.0,0.0,0.0,0.0,0.0,,0.0
439,Ruhuna,,iGTe,24.25,2024,Ruhuna - 2024,0.0,0.0,0.0,0.0,0.0,1.0,0.0,0.0,0.0,0.0,0.0,,1.0
440,Ruhuna,,iGTe,24.25,2024,Ruhuna - 2024,0.0,0.0,0.0,0.0,0.0,0.0,0.0,0.0,0.0,0.0,0.0,,0.0
